<?xml version="1.0"?>
<tiles>
	<walls>5,6,13,14,16,17,18,24,25,26,27,29,32,33,34,40,41,42,48,49,50,52,53,56,58,64,65,66,78,86,94,100,101,108,109,116,117</walls>
	<platforms>
		<platform id="0"/>
		<platform id="1"/>
		<platform id="2"/>
		<platform id="3"/>
		<platform id="4"/>
		<platform id="36"/>
		<platform id="37"/>
		<platform id="44"/>
		<platform id="45"/>
		<platform id="74">
			<rect x="1" y="2" width="19"/>
		</platform>
		<platform id="75">
			<rect y="2" width="9"/>
		</platform>
		<platform id="76"/>
		<platform id="82"/>
		<platform id="83">
			<rect y="4" width="11"/>
		</platform>
		<platform id="85"/>
		<platform id="90">
			<rect x="10" y="3" width="5"/>
			<rect x="15" y="7" width="5"/>
		</platform>
		<platform id="91">
			<rect y="7" width="7"/>
			<rect x="7" y="3" width="5"/>
		</platform>
		<platform id="97">
			<rect y="2" width="20"/>
		</platform>
		<platform id="98">
			<rect x="10" y="3" width="10"/>
		</platform>
		<platform id="99">
			<rect y="3" width="12"/>
		</platform>
		<platform id="104">
			<rect width="5"/>
			<rect x="5" y="5" width="6"/>
		</platform>
		<platform id="106">
			<rect x="10" y="3" width="10"/>
		</platform>
		<platform id="107">
			<rect y="3" width="12"/>
		</platform>
		<platform id="110">
			<rect y="7" width="20"/>
		</platform>
		<platform id="126"/>
		<platform id="127">
			<rect y="7" width="20"/>
		</platform>
		<platform id="133"/>
	</platforms>
	<slippery>112,113,114,115,120,121,122,123,128,129,130,131</slippery>
</tiles>