<?xml version="1.0" encoding="UTF-8"?>
<!-- Created with TexturePacker http://texturepacker.com-->
<!-- $TexturePacker:SmartUpdate:933b7a5293ad9202b952009e06e79312$ -->
<TextureAtlas imagePath="atlas.png">
    <SubTexture name="button" x="388" y="216" width="32" height="16"/>
    <SubTexture name="door" x="1027" y="1" width="512" height="192"/>
    <SubTexture name="finish" x="514" y="1" width="512" height="192"/>
    <SubTexture name="hero_idle_0" x="259" y="219" width="128" height="24"/>
    <SubTexture name="hero_idle_1" x="1" y="194" width="256" height="24"/>
    <SubTexture name="hero_idle_tampon_0" x="258" y="194" width="128" height="24"/>
    <SubTexture name="hero_run" x="130" y="219" width="128" height="24"/>
    <SubTexture name="hero_run_tampon" x="1" y="219" width="128" height="24"/>
    <SubTexture name="red_bubble" x="10" y="244" width="8" height="8"/>
    <SubTexture name="spikes" x="388" y="233" width="16" height="16"/>
    <SubTexture name="start" x="1" y="1" width="512" height="192"/>
    <SubTexture name="tampon" x="387" y="194" width="84" height="21"/>
    <SubTexture name="tampon2" x="405" y="233" width="84" height="15"/>
    <SubTexture name="test_bubble" x="1" y="244" width="8" height="8"/>
    <SubTexture name="tileset" x="1540" y="1" width="96" height="128"/>
</TextureAtlas>
