<sub_textures w="8" h="8">
	<level>
		<ground>
			<shadow y="16">
				<sub_texture x="0"/>
			</shadow>
			<generic y="16">
				<sub_texture x="8"/>
				<sub_texture x="16"/>
				<sub_texture x="24"/>
			</generic>
			<broken>
				<sub_texture x="24" y="8"/>
			</broken>
		</ground>
		<roof y="0">
			<sub_texture x="0"/>
			<sub_texture x="8"/>
			<sub_texture x="16"/>
			<sub_texture x="24"/>
		</roof>
		<wall h="4">
			<generic>
				<sub_texture x="0" y="8"/>
				<sub_texture x="8" y="8"/>
				<sub_texture x="0" y="12"/>
				<sub_texture x="8" y="12"/>
			</generic>
			<broken x="16">
				<sub_texture y="8"/>
				<sub_texture y="12"/>
			</broken>
		</wall>
	</level>
	<players y="56" h="9">
		<sub_texture x="0"/>
		<sub_texture x="8"/>
		<sub_texture x="16"/>
		<sub_texture x="24"/>
		<sub_texture x="0" y="71"/>
		<sub_texture x="8" y="71"/>
		<sub_texture x="16" y="71"/>
		<sub_texture x="24" y="71"/>
	</players>
	<effects>
		<laser_beam>
			<horizontal>
				<sub_texture x="0" y="24"/>
				<sub_texture x="16" y="24"/>
			</horizontal>
			<vertical>
				<sub_texture x="8" y="24"/>
				<sub_texture x="24" y="24"/>
			</vertical>
			<diagonal y="32">
				<bottom_top>
					<sub_texture x="0"/>
					<sub_texture x="32"/>
				</bottom_top>
				<top_bottom>
					<sub_texture x="16"/>
					<sub_texture x="48"/>
				</top_bottom>
			</diagonal>
		</laser_beam>
		<explosion>
			<sub_texture x="32" y="48" w="16" h="16"/>
			<sub_texture x="48" y="48" w="16" h="16"/>
			<sub_texture x="72" y="16"/>
		</explosion>
	</effects>
	<remains>
		<corpse y="48">
			<sub_texture x="0"/>
			<sub_texture x="8"/>
			<sub_texture x="16"/>
		</corpse>
	</remains>
	<ui>
		<auto_map y="8" w="1" h="1">
			<sub_texture x="48"/>
			<sub_texture x="49"/>
			<sub_texture x="50"/>
			<sub_texture x="51"/>
			<sub_texture x="48" y="9"/>
			<sub_texture x="49" y="9"/>
			<sub_texture x="50" y="9"/>
			<sub_texture x="51" y="9"/>
			<sub_texture x="48" y="10"/>
			<sub_texture x="49" y="10"/>
			<sub_texture x="50" y="10"/>
			<sub_texture x="51" y="10"/>
		</auto_map>
		<heart>
			<sub_texture x="48" y="0"/>
			<sub_texture x="56" y="0"/>
			<sub_texture x="64" y="0"/>
		</heart>
	</ui>
	<collectables>
		<health_box>
			<sub_texture x="72" y="32"/>
		</health_box>
		<specials>
			<invisibility>
				<sub_texture x="64" y="72"/>
			</invisibility>
			<vision>
				<sub_texture x="48" y="72"/>
			</vision>
			<portal>
				<sub_texture x="32" y="72"/>
			</portal>
		</specials>
	</collectables>
</sub_textures>